{
  "builtin_entity_scope": [],
  "config": {
    "unit_name": "tfidf_vectorizer",
    "use_stemming": true,
    "word_clusters_name": null
  },
  "language_code": "fr",
  "vectorizer": {
    "idf_diag": [
      3.8693183486983322,
      3.8693183486983322,
      4.002849741322855,
      4.850147601710058,
      4.850147601710058,
      3.3838105329166317,
      4.339321977944068,
      5.255612709818223,
      2.7707060600302227,
      4.002849741322855,
      4.157000421150114,
      3.0583881324820035,
      2.0169342576538423,
      5.255612709818223,
      4.562465529258278,
      4.562465529258278,
      4.339321977944068,
      5.255612709818223,
      3.1155465463219523,
      3.8693183486983322,
      5.255612709818223,
      5.255612709818223,
      4.562465529258278,
      3.751535313041949,
      5.255612709818223,
      4.562465529258278,
      4.562465529258278,
      4.339321977944068,
      3.2407096892759584,
      5.255612709818223,
      5.255612709818223,
      3.8693183486983322,
      5.255612709818223,
      1.2574120081490245,
      5.255612709818223,
      5.255612709818223,
      5.255612709818223,
      5.255612709818223,
      5.255612709818223,
      5.255612709818223,
      5.255612709818223,
      5.255612709818223,
      5.255612709818223,
      5.255612709818223,
      5.255612709818223,
      5.255612709818223,
      5.255612709818223,
      5.255612709818223,
      5.255612709818223
    ],
    "vocab": {
      "1": 0,
      "2": 1,
      "3": 2,
      "animal": 3,
      "animals": 4,
      "avoir": 5,
      "c": 6,
      "caracteres": 7,
      "de": 8,
      "demarr": 9,
      "deux": 10,
      "entityfeaturejeu": 11,
      "entityfeatureletter": 12,
      "hangman": 13,
      "jeu": 14,
      "joue": 15,
      "jouons": 16,
      "l": 17,
      "la": 18,
      "lettr": 19,
      "m": 20,
      "o": 21,
      "ouvr": 22,
      "part": 23,
      "pendr": 24,
      "pouvoir": 25,
      "premiere": 26,
      "repons": 27,
      "soleil": 28,
      "t": 29,
      "tabl": 30,
      "trois": 31,
      "unicodeu2100": 32,
      "unknownword": 33,
      "x": 34,
      "\u00df": 35,
      "\u019e": 36,
      "\u0250": 37,
      "\u0251": 38,
      "\u0269": 39,
      "\u0430": 40,
      "\u0444": 41,
      "\u044c": 42,
      "\u05e7": 43,
      "\u0647": 44,
      "\u1d00": 45,
      "\u2c5b": 46,
      "\u3140": 47,
      "\u3152": 48
    }
  }
}